                  epoch,             train/loss,  metrics/accuracy_top1,  metrics/accuracy_top5,               val/loss,                 lr/pg0,                 lr/pg1,                 lr/pg2
                      1,                0.43595,                0.87237,                      1,                0.47133,             0.00023682,             0.00023682,             0.00023682
                      2,                0.23578,                0.88104,                      1,                 0.4417,             0.00023979,             0.00023979,             0.00023979
